Employee_ID,Department,Training_Status,Training_Duration,Course_Type,Training_Attendance,Pre_Training_Performance,Post_Training_Performance,Performance_Improvement,Attendance_Group,Duration_Group,Improved
EMP001,Marketing,Untrained,0,None,0,55,57.97,2.969999999999999,Low,Short,1
EMP002,Operations,Trained,12,Leadership,82,85,86.32,1.3199999999999932,Medium,Medium,1
EMP003,Finance,Trained,11,Management,87,47,54.26,7.259999999999998,High,Medium,1
EMP004,Operations,Trained,30,Management,91,72,79.72,7.719999999999999,High,Long,1
EMP005,Operations,Untrained,0,None,0,73,74.15,1.1500000000000057,Low,Short,1
EMP006,HR,Trained,6,Management,88,53,57.32,4.32,High,Short,1
EMP007,Finance,Trained,26,Communication,67,47,57.61,10.61,Low,Long,1
EMP008,Finance,Trained,26,Technical,60,69,77.17,8.170000000000002,Low,Long,1
EMP009,Finance,Trained,7,Technical,62,78,81.3,3.299999999999997,Low,Short,1
EMP010,Operations,Trained,22,Leadership,83,56,67.88,11.879999999999995,Medium,Long,1
EMP011,Marketing,Trained,16,Management,82,53,62.02,9.020000000000003,Medium,Medium,1
EMP012,Finance,Trained,5,Leadership,67,59,71.15,12.150000000000006,Low,Short,1
EMP013,Operations,Untrained,0,None,0,84,86.94,2.9399999999999977,Low,Short,1
EMP014,HR,Untrained,0,None,0,69,74.12,5.1200000000000045,Low,Short,1
EMP015,Marketing,Trained,9,Technical,92,49,59.62,10.619999999999997,High,Short,1
EMP016,HR,Trained,29,Technical,87,55,58.88,3.8800000000000026,High,Long,1
EMP017,Marketing,Trained,21,Communication,67,78,87.66,9.659999999999997,Low,Long,1
EMP018,Operations,Trained,20,Communication,93,68,76.96,8.959999999999994,High,Medium,1
EMP019,IT,Trained,19,Leadership,94,59,63.91,4.909999999999997,High,Medium,1
EMP020,Marketing,Trained,27,Leadership,91,82,86.44,4.439999999999998,High,Long,1
EMP021,HR,Trained,19,Leadership,83,52,56.67,4.670000000000002,Medium,Medium,1
EMP022,Operations,Untrained,0,None,0,49,54.04,5.039999999999999,Low,Short,1
EMP023,Marketing,Trained,25,Technical,91,70,76.76,6.760000000000005,High,Long,1
EMP024,IT,Untrained,0,None,0,62,60.77,-1.2299999999999969,Low,Short,0
EMP025,IT,Trained,6,Leadership,63,50,51.71,1.7100000000000009,Low,Short,1
EMP026,Finance,Trained,15,Technical,96,81,92.29,11.290000000000006,High,Medium,1
EMP027,Finance,Trained,23,Leadership,80,57,69.03,12.030000000000001,Medium,Long,1
EMP028,HR,Trained,11,Management,73,72,80.52,8.519999999999996,Medium,Medium,1
EMP029,Marketing,Trained,10,Management,90,49,55.59,6.590000000000003,High,Short,1
EMP030,Marketing,Trained,6,Communication,77,57,54.29,-2.710000000000001,Medium,Short,0
EMP031,Finance,Trained,10,Management,66,61,62.87,1.8699999999999974,Low,Short,1
EMP032,Marketing,Trained,22,Leadership,69,84,89.59,5.590000000000003,Low,Long,1
EMP033,Marketing,Trained,6,Management,66,76,76.7,0.7000000000000028,Low,Short,1
EMP034,IT,Trained,22,Communication,92,73,80.44,7.439999999999998,High,Long,1
EMP035,Finance,Trained,19,Technical,82,47,58.44,11.439999999999998,Medium,Medium,1
EMP036,Operations,Trained,23,Leadership,80,84,86.11,2.1099999999999994,Medium,Long,1
EMP037,Finance,Untrained,0,None,0,78,80.25,2.25,Low,Short,1
EMP038,Operations,Trained,24,Communication,78,84,93.69,9.689999999999998,Medium,Long,1
EMP039,IT,Trained,29,Communication,95,71,80.95,9.950000000000003,High,Long,1
EMP040,HR,Trained,10,Communication,88,57,60.6,3.6000000000000014,High,Short,1
EMP041,Marketing,Trained,5,Technical,77,77,78.49,1.4899999999999949,Medium,Short,1
EMP042,IT,Trained,28,Technical,61,50,51.4,1.3999999999999986,Low,Long,1
EMP043,Marketing,Trained,19,Technical,60,68,78.0,10.0,Low,Medium,1
EMP044,HR,Untrained,0,None,0,63,66.38,3.3799999999999955,Low,Short,1
EMP045,HR,Untrained,0,None,0,60,62.37,2.3699999999999974,Low,Short,1
EMP046,IT,Untrained,0,None,0,84,81.42,-2.5799999999999983,Low,Short,0
EMP047,HR,Trained,21,Leadership,61,72,78.53,6.530000000000001,Low,Long,1
EMP048,Operations,Trained,9,Leadership,62,77,79.61,2.6099999999999994,Low,Short,1
EMP049,HR,Trained,8,Technical,82,85,84.2,-0.7999999999999972,Medium,Short,0
EMP050,Marketing,Trained,14,Management,71,57,60.01,3.009999999999998,Medium,Medium,1
EMP051,Marketing,Trained,28,Management,79,69,82.57,13.569999999999993,Medium,Long,1
EMP052,Marketing,Untrained,0,None,0,80,78.71,-1.2900000000000063,Low,Short,0
EMP053,Marketing,Trained,14,Communication,96,71,77.49,6.489999999999995,High,Medium,1
EMP054,Operations,Untrained,0,None,0,82,89.66,7.659999999999997,Low,Short,1
EMP055,Finance,Trained,24,Leadership,89,51,60.68,9.68,High,Long,1
EMP056,IT,Untrained,0,None,0,49,48.63,-0.36999999999999744,Low,Short,0
EMP057,Marketing,Trained,9,Communication,93,75,78.76,3.760000000000005,High,Short,1
EMP058,HR,Trained,6,Communication,94,67,68.71,1.7099999999999937,High,Short,1
EMP059,Marketing,Trained,10,Communication,81,54,63.39,9.39,Medium,Short,1
EMP060,HR,Trained,25,Management,83,76,78.77,2.769999999999996,Medium,Long,1
EMP061,HR,Trained,6,Leadership,76,74,79.69,5.689999999999998,Medium,Short,1
EMP062,Marketing,Untrained,0,None,0,83,87.08,4.079999999999998,Low,Short,1
EMP063,Operations,Untrained,0,None,0,75,76.87,1.8700000000000045,Low,Short,1
EMP064,HR,Trained,15,Communication,82,62,70.92,8.920000000000002,Medium,Medium,1
EMP065,HR,Trained,20,Communication,91,80,90.76,10.760000000000005,High,Medium,1
EMP066,Marketing,Trained,15,Technical,76,46,51.05,5.049999999999997,Medium,Medium,1
EMP067,HR,Untrained,0,None,0,58,58.74,0.740000000000002,Low,Short,1
EMP068,HR,Trained,19,Management,73,57,69.81,12.810000000000002,Medium,Medium,1
EMP069,Marketing,Trained,29,Leadership,68,73,79.03,6.030000000000001,Low,Long,1
EMP070,Marketing,Trained,27,Communication,99,56,63.82,7.82,High,Long,1
EMP071,IT,Trained,27,Communication,61,83,89.58,6.579999999999998,Low,Long,1
EMP072,Operations,Trained,20,Management,84,46,51.49,5.490000000000002,Medium,Medium,1
EMP073,Operations,Trained,15,Technical,98,76,81.42,5.420000000000002,High,Medium,1
EMP074,HR,Untrained,0,None,0,57,57.17,0.1700000000000017,Low,Short,1
EMP075,Operations,Trained,20,Technical,81,71,82.83,11.829999999999998,Medium,Medium,1
EMP076,HR,Trained,12,Technical,63,85,91.36,6.359999999999999,Low,Medium,1
EMP077,IT,Trained,8,Technical,85,61,64.76,3.760000000000005,Medium,Short,1
EMP078,Marketing,Trained,12,Technical,88,84,82.67,-1.3299999999999983,High,Medium,0
EMP079,Marketing,Untrained,0,None,0,75,78.38,3.3799999999999955,Low,Short,1
EMP080,Marketing,Trained,28,Communication,82,78,87.47,9.469999999999999,Medium,Long,1
EMP081,Operations,Trained,29,Technical,96,68,70.87,2.8700000000000045,High,Long,1
EMP082,IT,Trained,7,Leadership,70,79,83.73,4.730000000000004,Low,Short,1
EMP083,Operations,Trained,7,Management,65,50,50.25,0.25,Low,Short,1
EMP084,Operations,Untrained,0,None,0,63,62.37,-0.6300000000000026,Low,Short,0
EMP085,IT,Trained,30,Leadership,80,74,82.29,8.290000000000006,Medium,Long,1
EMP086,IT,Trained,23,Leadership,95,51,59.61,8.61,High,Long,1
EMP087,IT,Trained,23,Technical,100,54,61.47,7.469999999999999,High,Long,1
EMP088,IT,Trained,25,Communication,97,85,92.43,7.430000000000007,High,Long,1
EMP089,Marketing,Trained,9,Leadership,93,76,79.83,3.8299999999999983,High,Short,1
EMP090,Finance,Trained,22,Technical,76,78,86.03,8.030000000000001,Medium,Long,1
EMP091,Finance,Trained,14,Leadership,96,72,81.4,9.400000000000006,High,Medium,1
EMP092,IT,Trained,26,Leadership,84,59,63.16,4.159999999999997,Medium,Long,1
EMP093,Finance,Untrained,0,None,0,74,75.09,1.0900000000000034,Low,Short,1
EMP094,Finance,Trained,10,Communication,71,81,85.97,4.969999999999999,Medium,Short,1
EMP095,IT,Trained,5,Communication,82,73,78.06,5.060000000000002,Medium,Short,1
EMP096,Finance,Untrained,0,None,0,66,67.74,1.7399999999999949,Low,Short,1
EMP097,Operations,Untrained,0,None,0,48,46.42,-1.5799999999999983,Low,Short,0
EMP098,HR,Trained,16,Management,86,64,71.32,7.319999999999993,High,Medium,1
EMP099,HR,Trained,30,Management,90,76,86.75,10.75,High,Long,1
EMP100,IT,Trained,18,Management,65,80,85.52,5.519999999999996,Low,Medium,1
EMP101,Marketing,Trained,6,Communication,86,48,54.5,6.5,High,Short,1
EMP102,IT,Untrained,0,None,0,71,70.89,-0.10999999999999943,Low,Short,0
EMP103,Marketing,Untrained,0,None,0,61,58.97,-2.030000000000001,Low,Short,0
EMP104,HR,Trained,30,Technical,71,56,66.21,10.209999999999994,Medium,Long,1
EMP105,IT,Trained,17,Technical,66,66,72.06,6.060000000000002,Low,Medium,1
EMP106,Operations,Untrained,0,None,0,61,61.92,0.9200000000000017,Low,Short,1
EMP107,Finance,Trained,30,Management,76,54,64.19,10.189999999999998,Medium,Long,1
EMP108,Marketing,Trained,29,Management,85,45,52.16,7.159999999999997,Medium,Long,1
EMP109,Finance,Trained,19,Technical,80,66,71.66,5.659999999999997,Medium,Medium,1
EMP110,Finance,Trained,29,Leadership,87,70,76.99,6.989999999999995,High,Long,1
EMP111,IT,Untrained,0,None,0,62,62.28,0.28000000000000114,Low,Short,1
EMP112,Finance,Untrained,0,None,0,58,56.66,-1.3400000000000034,Low,Short,0
EMP113,Operations,Untrained,0,None,0,73,67.5,-5.5,Low,Short,0
EMP114,Finance,Trained,15,Communication,85,56,61.83,5.829999999999998,Medium,Medium,1
EMP115,IT,Untrained,0,None,0,80,79.47,-0.5300000000000011,Low,Short,0
EMP116,Operations,Trained,21,Management,80,79,88.01,9.010000000000005,Medium,Long,1
EMP117,HR,Trained,30,Leadership,70,56,62.34,6.340000000000003,Low,Long,1
EMP118,Finance,Trained,8,Communication,99,51,60.16,9.159999999999997,High,Short,1
EMP119,IT,Untrained,0,None,0,73,73.04,0.04000000000000625,Low,Short,1
EMP120,HR,Untrained,0,None,0,55,55.99,0.990000000000002,Low,Short,1
EMP121,HR,Trained,21,Management,98,77,88.52,11.519999999999996,High,Long,1
EMP122,Marketing,Untrained,0,None,0,50,49.92,-0.0799999999999983,Low,Short,0
EMP123,Operations,Trained,24,Leadership,94,59,70.83,11.829999999999998,High,Long,1
EMP124,Finance,Trained,19,Leadership,93,76,89.58,13.579999999999998,High,Medium,1
EMP125,IT,Trained,19,Management,83,55,64.31,9.310000000000002,Medium,Medium,1
EMP126,Marketing,Trained,28,Leadership,81,67,68.41,1.4099999999999966,Medium,Long,1
EMP127,Operations,Trained,26,Leadership,64,70,79.41,9.409999999999997,Low,Long,1
EMP128,Marketing,Trained,18,Management,92,78,92.0,14.0,High,Medium,1
EMP129,Operations,Trained,30,Communication,95,78,86.39,8.39,High,Long,1
EMP130,Operations,Trained,27,Communication,79,73,80.47,7.469999999999999,Medium,Long,1
EMP131,Finance,Trained,18,Leadership,78,48,50.57,2.5700000000000003,Medium,Medium,1
EMP132,Operations,Trained,28,Leadership,94,61,70.86,9.86,High,Long,1
EMP133,Marketing,Trained,6,Communication,76,79,86.99,7.989999999999995,Medium,Short,1
EMP134,Operations,Trained,17,Management,93,57,66.28,9.280000000000001,High,Medium,1
EMP135,Finance,Trained,30,Leadership,68,85,100.0,15.0,Low,Long,1
EMP136,Finance,Trained,18,Technical,85,83,89.8,6.799999999999997,Medium,Medium,1
EMP137,Marketing,Trained,28,Management,61,59,60.39,1.3900000000000006,Low,Long,1
EMP138,HR,Trained,23,Leadership,68,73,79.6,6.599999999999994,Low,Long,1
EMP139,HR,Untrained,0,None,0,73,71.08,-1.9200000000000017,Low,Short,0
EMP140,Operations,Trained,7,Technical,99,55,59.57,4.57,High,Short,1
EMP141,IT,Trained,19,Technical,76,76,87.0,11.0,Medium,Medium,1
EMP142,Operations,Untrained,0,None,0,46,49.56,3.5600000000000023,Low,Short,1
EMP143,Marketing,Trained,18,Management,84,58,65.16,7.159999999999997,Medium,Medium,1
EMP144,Marketing,Trained,15,Management,99,64,76.83,12.829999999999998,High,Medium,1
EMP145,Marketing,Trained,19,Communication,84,66,71.96,5.959999999999994,Medium,Medium,1
EMP146,Marketing,Trained,17,Management,98,55,66.38,11.379999999999995,High,Medium,1
EMP147,Marketing,Untrained,0,None,0,71,68.42,-2.5799999999999983,Low,Short,0
EMP148,Finance,Trained,30,Management,62,47,54.8,7.799999999999997,Low,Long,1
EMP149,HR,Trained,10,Management,96,61,63.73,2.729999999999997,High,Short,1
EMP150,Marketing,Trained,7,Management,89,72,75.92,3.9200000000000017,High,Short,1
EMP151,IT,Untrained,0,None,0,73,75.62,2.6200000000000045,Low,Short,1
EMP152,IT,Trained,19,Management,93,65,72.2,7.200000000000003,High,Medium,1
EMP153,IT,Trained,29,Technical,71,60,68.4,8.400000000000006,Medium,Long,1
EMP154,IT,Trained,27,Management,78,81,85.16,4.159999999999997,Medium,Long,1
EMP155,Finance,Untrained,0,None,0,64,66.02,2.019999999999996,Low,Short,1
EMP156,IT,Trained,14,Leadership,76,50,56.21,6.210000000000001,Medium,Medium,1
EMP157,Marketing,Trained,11,Technical,69,63,67.54,4.540000000000006,Low,Medium,1
EMP158,Operations,Trained,29,Management,71,49,58.54,9.54,Medium,Long,1
EMP159,IT,Trained,21,Communication,75,47,50.86,3.8599999999999994,Medium,Long,1
EMP160,Finance,Trained,11,Leadership,83,45,50.98,5.979999999999997,Medium,Medium,1
EMP161,Finance,Trained,26,Technical,78,82,87.19,5.189999999999998,Medium,Long,1
EMP162,IT,Trained,30,Leadership,67,59,70.74,11.739999999999995,Low,Long,1
EMP163,Operations,Trained,16,Communication,90,78,81.62,3.6200000000000045,High,Medium,1
EMP164,IT,Untrained,0,None,0,79,87.88,8.879999999999995,Low,Short,1
EMP165,Finance,Untrained,0,None,0,69,70.69,1.6899999999999977,Low,Short,1
EMP166,HR,Trained,17,Management,82,68,75.49,7.489999999999995,Medium,Medium,1
EMP167,Marketing,Untrained,0,None,0,56,59.48,3.479999999999997,Low,Short,1
EMP168,Finance,Trained,29,Leadership,75,62,66.86,4.859999999999999,Medium,Long,1
EMP169,IT,Trained,8,Communication,65,59,60.9,1.8999999999999986,Low,Short,1
EMP170,Marketing,Trained,14,Communication,67,60,66.24,6.239999999999995,Low,Medium,1
EMP171,IT,Trained,7,Technical,84,71,75.54,4.540000000000006,Medium,Short,1
EMP172,IT,Trained,13,Leadership,77,52,59.7,7.700000000000003,Medium,Medium,1
EMP173,HR,Trained,17,Technical,84,69,76.9,7.900000000000006,Medium,Medium,1
EMP174,Marketing,Trained,22,Technical,71,61,60.35,-0.6499999999999986,Medium,Long,0
EMP175,Marketing,Trained,19,Leadership,74,73,79.71,6.709999999999994,Medium,Medium,1
EMP176,HR,Untrained,0,None,0,52,49.25,-2.75,Low,Short,0
EMP177,Finance,Untrained,0,None,0,59,57.97,-1.0300000000000011,Low,Short,0
EMP178,IT,Trained,26,Leadership,85,71,80.17,9.170000000000002,Medium,Long,1
EMP179,Operations,Untrained,0,None,0,51,53.18,2.1799999999999997,Low,Short,1
EMP180,IT,Untrained,0,None,0,47,45.37,-1.6300000000000026,Low,Short,0
EMP181,IT,Untrained,0,None,0,73,72.75,-0.25,Low,Short,0
EMP182,Finance,Trained,12,Communication,66,68,71.52,3.519999999999996,Low,Medium,1
EMP183,IT,Untrained,0,None,0,47,50.94,3.9399999999999977,Low,Short,1
EMP184,HR,Trained,16,Communication,82,64,74.69,10.689999999999998,Medium,Medium,1
EMP185,HR,Untrained,0,None,0,59,65.38,6.3799999999999955,Low,Short,1
EMP186,Marketing,Untrained,0,None,0,69,70.24,1.2399999999999949,Low,Short,1
EMP187,Operations,Trained,13,Communication,81,74,81.71,7.709999999999994,Medium,Medium,1
EMP188,IT,Untrained,0,None,0,58,58.05,0.04999999999999716,Low,Short,1
EMP189,IT,Untrained,0,None,0,51,51.27,0.2700000000000031,Low,Short,1
EMP190,Finance,Untrained,0,None,0,61,62.33,1.3299999999999983,Low,Short,1
EMP191,HR,Trained,30,Technical,66,64,69.28,5.280000000000001,Low,Long,1
EMP192,Operations,Trained,6,Technical,68,80,84.84,4.840000000000003,Low,Short,1
EMP193,Marketing,Trained,28,Leadership,67,53,56.33,3.3299999999999983,Low,Long,1
EMP194,HR,Untrained,0,None,0,82,83.2,1.2000000000000028,Low,Short,1
EMP195,Marketing,Trained,10,Technical,88,66,73.25,7.25,High,Short,1
EMP196,Finance,Trained,9,Technical,77,46,49.63,3.6300000000000026,Medium,Short,1
EMP197,Finance,Trained,29,Leadership,90,68,84.15,16.150000000000006,High,Long,1
EMP198,IT,Trained,5,Technical,89,52,51.39,-0.6099999999999994,High,Short,0
EMP199,Operations,Untrained,0,None,0,55,57.66,2.6599999999999966,Low,Short,1
EMP200,Marketing,Untrained,0,None,0,57,56.52,-0.4799999999999969,Low,Short,0
EMP201,HR,Trained,25,Management,77,61,66.01,5.010000000000005,Medium,Long,1
EMP202,Finance,Untrained,0,None,0,52,54.11,2.1099999999999994,Low,Short,1
EMP203,IT,Trained,10,Leadership,76,65,65.8,0.7999999999999972,Medium,Short,1
EMP204,IT,Trained,27,Communication,73,62,71.35,9.349999999999994,Medium,Long,1
EMP205,Marketing,Untrained,0,None,0,74,73.08,-0.9200000000000017,Low,Short,0
EMP206,Finance,Trained,8,Leadership,83,62,67.53,5.530000000000001,Medium,Short,1
EMP207,Operations,Trained,15,Communication,94,75,80.67,5.670000000000002,High,Medium,1
EMP208,Finance,Untrained,0,None,0,82,85.65,3.6500000000000057,Low,Short,1
EMP209,Marketing,Trained,27,Communication,62,76,87.23,11.230000000000004,Low,Long,1
EMP210,Marketing,Trained,13,Leadership,96,55,64.6,9.599999999999994,High,Medium,1
EMP211,Finance,Trained,27,Communication,99,69,72.57,3.569999999999993,High,Long,1
EMP212,Marketing,Trained,7,Technical,85,77,76.13,-0.8700000000000045,Medium,Short,0
EMP213,Finance,Trained,23,Management,82,82,92.34,10.340000000000003,Medium,Long,1
EMP214,HR,Trained,12,Communication,98,85,90.28,5.280000000000001,High,Medium,1
EMP215,Finance,Untrained,0,None,0,52,53.91,1.9099999999999966,Low,Short,1
EMP216,Finance,Untrained,0,None,0,55,51.87,-3.1300000000000026,Low,Short,0
EMP217,Marketing,Untrained,0,None,0,66,69.15,3.1500000000000057,Low,Short,1
EMP218,Marketing,Untrained,0,None,0,68,74.03,6.030000000000001,Low,Short,1
EMP219,IT,Trained,6,Leadership,84,85,92.25,7.25,Medium,Short,1
EMP220,IT,Trained,24,Management,72,61,63.63,2.6300000000000026,Medium,Long,1
EMP221,HR,Trained,15,Technical,77,56,56.72,0.7199999999999989,Medium,Medium,1
EMP222,IT,Trained,8,Communication,92,76,86.5,10.5,High,Short,1
EMP223,Finance,Trained,19,Management,75,59,60.74,1.740000000000002,Medium,Medium,1
EMP224,Marketing,Trained,10,Leadership,61,60,59.91,-0.09000000000000341,Low,Short,0
EMP225,IT,Trained,26,Technical,94,66,71.55,5.549999999999997,High,Long,1
EMP226,IT,Untrained,0,None,0,72,72.69,0.6899999999999977,Low,Short,1
EMP227,HR,Untrained,0,None,0,64,67.73,3.730000000000004,Low,Short,1
EMP228,HR,Trained,10,Technical,72,77,84.36,7.359999999999999,Medium,Short,1
EMP229,Finance,Trained,23,Technical,72,54,61.0,7.0,Medium,Long,1
EMP230,Marketing,Trained,29,Communication,77,84,89.9,5.900000000000006,Medium,Long,1
EMP231,HR,Untrained,0,None,0,76,75.61,-0.39000000000000057,Low,Short,0
EMP232,IT,Untrained,0,None,0,77,76.96,-0.04000000000000625,Low,Short,0
EMP233,Marketing,Trained,15,Leadership,94,46,49.68,3.6799999999999997,High,Medium,1
EMP234,Marketing,Trained,12,Management,98,77,86.04,9.040000000000006,High,Medium,1
EMP235,IT,Trained,30,Leadership,88,77,81.67,4.670000000000002,High,Long,1
EMP236,HR,Trained,23,Technical,88,85,92.12,7.1200000000000045,High,Long,1
EMP237,IT,Trained,17,Technical,75,57,62.32,5.32,Medium,Medium,1
EMP238,Marketing,Trained,16,Communication,69,74,77.53,3.530000000000001,Low,Medium,1
EMP239,Operations,Untrained,0,None,0,77,77.8,0.7999999999999972,Low,Short,1
EMP240,Operations,Trained,10,Management,84,57,60.53,3.530000000000001,Medium,Short,1
EMP241,Finance,Trained,30,Technical,98,70,77.07,7.069999999999993,High,Long,1
EMP242,IT,Untrained,0,None,0,66,66.28,0.28000000000000114,Low,Short,1
EMP243,IT,Untrained,0,None,0,83,81.85,-1.1500000000000057,Low,Short,0
EMP244,Finance,Untrained,0,None,0,46,45.55,-0.45000000000000284,Low,Short,0
EMP245,Finance,Trained,24,Leadership,89,82,87.89,5.890000000000001,High,Long,1
EMP246,Finance,Trained,5,Management,62,83,87.48,4.480000000000004,Low,Short,1
EMP247,Marketing,Trained,24,Communication,73,70,71.97,1.9699999999999989,Medium,Long,1
EMP248,IT,Trained,21,Technical,89,59,61.0,2.0,High,Long,1
EMP249,Marketing,Trained,16,Management,63,78,75.63,-2.3700000000000045,Low,Medium,0
EMP250,Finance,Trained,19,Technical,77,84,88.71,4.709999999999994,Medium,Medium,1
EMP251,IT,Trained,5,Communication,96,55,58.37,3.3699999999999974,High,Short,1
EMP252,Marketing,Trained,30,Technical,84,47,57.79,10.79,Medium,Long,1
EMP253,Marketing,Trained,18,Management,60,50,52.75,2.75,Low,Medium,1
EMP254,Finance,Trained,10,Technical,74,53,58.44,5.439999999999998,Medium,Short,1
EMP255,IT,Trained,9,Leadership,68,50,56.43,6.43,Low,Short,1
EMP256,Finance,Trained,15,Communication,74,53,56.31,3.3100000000000023,Medium,Medium,1
EMP257,IT,Trained,8,Communication,83,83,88.93,5.930000000000007,Medium,Short,1
EMP258,Operations,Trained,17,Communication,63,75,82.8,7.799999999999997,Low,Medium,1
EMP259,HR,Trained,15,Management,71,76,77.42,1.4200000000000017,Medium,Medium,1
EMP260,HR,Trained,7,Communication,96,85,91.0,6.0,High,Short,1
EMP261,HR,Trained,5,Leadership,96,56,59.58,3.5799999999999983,High,Short,1
EMP262,Finance,Trained,10,Management,65,52,52.38,0.38000000000000256,Low,Short,1
EMP263,Operations,Trained,22,Leadership,98,52,55.73,3.729999999999997,High,Long,1
EMP264,IT,Untrained,0,None,0,72,69.78,-2.219999999999999,Low,Short,0
EMP265,Marketing,Trained,14,Technical,70,64,69.08,5.079999999999998,Low,Medium,1
EMP266,IT,Trained,9,Technical,72,51,50.48,-0.5200000000000031,Medium,Short,0
EMP267,Marketing,Untrained,0,None,0,55,56.79,1.7899999999999991,Low,Short,1
EMP268,IT,Trained,14,Leadership,84,64,72.46,8.459999999999994,Medium,Medium,1
EMP269,Operations,Untrained,0,None,0,60,62.12,2.1199999999999974,Low,Short,1
EMP270,Marketing,Trained,6,Management,63,48,49.55,1.5499999999999972,Low,Short,1
EMP271,Finance,Trained,17,Communication,67,50,60.18,10.18,Low,Medium,1
EMP272,IT,Trained,12,Leadership,79,66,77.0,11.0,Medium,Medium,1
EMP273,IT,Untrained,0,None,0,70,75.32,5.319999999999993,Low,Short,1
EMP274,Marketing,Trained,24,Leadership,69,47,45.91,-1.0900000000000034,Low,Long,0
EMP275,Finance,Untrained,0,None,0,85,92.52,7.519999999999996,Low,Short,1
EMP276,Finance,Trained,9,Communication,85,58,56.47,-1.5300000000000011,Medium,Short,0
EMP277,Operations,Untrained,0,None,0,55,57.65,2.6499999999999986,Low,Short,1
EMP278,Finance,Trained,21,Leadership,62,62,70.56,8.560000000000002,Low,Long,1
EMP279,Finance,Untrained,0,None,0,56,53.71,-2.289999999999999,Low,Short,0
EMP280,Finance,Trained,15,Management,64,67,72.35,5.349999999999994,Low,Medium,1
EMP281,HR,Trained,19,Technical,64,56,60.09,4.090000000000003,Low,Medium,1
EMP282,Operations,Trained,28,Leadership,82,57,63.61,6.609999999999999,Medium,Long,1
EMP283,IT,Trained,10,Leadership,68,69,71.5,2.5,Low,Short,1
EMP284,Marketing,Trained,27,Leadership,94,63,74.71,11.709999999999994,High,Long,1
EMP285,IT,Trained,7,Communication,79,80,86.71,6.709999999999994,Medium,Short,1
EMP286,Operations,Trained,21,Communication,94,52,60.23,8.229999999999997,High,Long,1
EMP287,Marketing,Trained,9,Management,77,73,75.54,2.5400000000000063,Medium,Short,1
EMP288,Operations,Untrained,0,None,0,76,74.56,-1.4399999999999977,Low,Short,0
EMP289,Finance,Untrained,0,None,0,62,56.6,-5.399999999999999,Low,Short,0
EMP290,Marketing,Trained,18,Technical,62,50,50.07,0.07000000000000028,Low,Medium,1
EMP291,Finance,Untrained,0,None,0,62,63.39,1.3900000000000006,Low,Short,1
EMP292,IT,Untrained,0,None,0,63,67.2,4.200000000000003,Low,Short,1
EMP293,IT,Trained,15,Communication,97,66,70.81,4.810000000000002,High,Medium,1
EMP294,Marketing,Trained,13,Management,72,81,86.96,5.959999999999994,Medium,Medium,1
EMP295,Marketing,Trained,6,Leadership,84,76,83.67,7.670000000000002,Medium,Short,1
EMP296,Operations,Trained,16,Leadership,68,85,79.87,-5.1299999999999955,Low,Medium,0
EMP297,Operations,Trained,7,Communication,63,47,49.97,2.969999999999999,Low,Short,1
EMP298,Finance,Trained,7,Leadership,73,72,75.88,3.8799999999999955,Medium,Short,1
EMP299,Marketing,Untrained,0,None,0,54,60.49,6.490000000000002,Low,Short,1
EMP300,IT,Untrained,0,None,0,79,86.06,7.060000000000002,Low,Short,1
